dag_id,run_date,task_id,start_time,end_time,log,log_summary,stack_trace,failure_signals
customer_360_pipeline,2026-05-12,ingest_web_events,2026-05-12 01:52:44,2026-05-12 01:57:25,"2026-05-12 01:52:44 INFO  [customer_360_pipeline.ingest_web_events] TaskInstance started — attempt 4
2026-05-12 01:52:46 INFO  Acquiring Spark session on job cluster (Photon enabled, DBR 15.4 LTS)
2026-05-12 01:52:49 INFO  Reading inputs from Unity Catalog main.curated.* 
2026-05-12 01:55:04 INFO  Stage 1 running…
2026-05-12 01:57:22 ERROR Sensor: Timed out waiting for upstream partition to arrive.
2026-05-12 01:57:23 ERROR   airflow.exceptions.AirflowSensorTimeout: Sensor timed out waiting for partition dt=... on upstream dataset
                       	at airflow.sensors.base.BaseSensorOperator.execute(...)
2026-05-12 01:57:25 ERROR [customer_360_pipeline.ingest_web_events] Task failed on attempt 4 (exit_code=1)","A sensor timed out waiting for an upstream dataset partition that never landed, blocking all downstream work.","airflow.exceptions.AirflowSensorTimeout: Sensor timed out waiting for partition dt=... on upstream dataset
	at airflow.sensors.base.BaseSensorOperator.execute(...)","[""UpstreamFailedException"", ""Sensor timeout"", ""Dependency partition not found""]"
user_segmentation,2026-05-12,compute_rfm,2026-05-12 10:40:06,2026-05-12 11:00:41,"2026-05-12 10:40:06 INFO  [user_segmentation.compute_rfm] TaskInstance started — attempt 3
2026-05-12 10:40:08 INFO  Acquiring Spark session on job cluster (Photon enabled, DBR 15.4 LTS)
2026-05-12 10:40:11 INFO  Reading inputs from Unity Catalog main.curated.* 
2026-05-12 10:50:23 INFO  Stage 1 running…
2026-05-12 11:00:38 ERROR JDBCRDD: Connection timed out after 30000ms while reading from source DB.
2026-05-12 11:00:39 ERROR   java.sql.SQLTransientConnectionException: HikariPool-1 - Connection is not available, request timed out after 30000ms
                       	at com.zaxxer.hikari.pool.HikariPool.getConnection(HikariPool.java:213)
                       	at org.apache.spark.sql.execution.datasources.jdbc.JDBCRDD.compute(...)
2026-05-12 11:00:41 ERROR [user_segmentation.compute_rfm] Task failed on attempt 3 (exit_code=1)","Connection to the upstream source database timed out after retries, pointing to a network blip or source unavailability rather than a code defect.","java.sql.SQLTransientConnectionException: HikariPool-1 - Connection is not available, request timed out after 30000ms
	at com.zaxxer.hikari.pool.HikariPool.getConnection(HikariPool.java:213)
	at org.apache.spark.sql.execution.datasources.jdbc.JDBCRDD.compute(...)","[""SQLTransientConnectionException"", ""Connection timed out"", ""Read timed out""]"
inventory_sync,2026-05-13,reconcile_stock,2026-05-13 04:41:41,2026-05-13 05:02:42,"2026-05-13 04:41:41 INFO  [inventory_sync.reconcile_stock] TaskInstance started — attempt 3
2026-05-13 04:41:43 INFO  Acquiring Spark session on job cluster (Photon enabled, DBR 15.4 LTS)
2026-05-13 04:41:46 INFO  Reading inputs from Unity Catalog main.curated.* 
2026-05-13 04:52:11 INFO  Stage 1 running…
2026-05-13 05:02:39 ERROR JDBCRDD: Connection timed out after 30000ms while reading from source DB.
2026-05-13 05:02:40 ERROR   java.sql.SQLTransientConnectionException: HikariPool-1 - Connection is not available, request timed out after 30000ms
                       	at com.zaxxer.hikari.pool.HikariPool.getConnection(HikariPool.java:213)
                       	at org.apache.spark.sql.execution.datasources.jdbc.JDBCRDD.compute(...)
2026-05-13 05:02:42 ERROR [inventory_sync.reconcile_stock] Task failed on attempt 3 (exit_code=1)","Connection to the upstream source database timed out after retries, pointing to a network blip or source unavailability rather than a code defect.","java.sql.SQLTransientConnectionException: HikariPool-1 - Connection is not available, request timed out after 30000ms
	at com.zaxxer.hikari.pool.HikariPool.getConnection(HikariPool.java:213)
	at org.apache.spark.sql.execution.datasources.jdbc.JDBCRDD.compute(...)","[""SQLTransientConnectionException"", ""Connection timed out"", ""Read timed out""]"
revenue_reporting,2026-05-13,build_dashboards_tbl,2026-05-13 09:06:52,2026-05-13 09:17:04,"2026-05-13 09:06:52 INFO  [revenue_reporting.build_dashboards_tbl] TaskInstance started — attempt 3
2026-05-13 09:06:54 INFO  Acquiring Spark session on job cluster (Photon enabled, DBR 15.4 LTS)
2026-05-13 09:06:57 INFO  Reading inputs from Unity Catalog main.curated.* 
2026-05-13 09:11:58 INFO  Stage 1 running…
2026-05-13 09:17:01 ERROR DataSource: Path does not exist for the current run partition; 0 input files matched.
2026-05-13 09:17:02 ERROR   org.apache.spark.sql.AnalysisException: Path does not exist: s3://lake/raw/build_dashboards_tbl/dt=...
                       	at org.apache.spark.sql.execution.datasources.DataSource.checkAndGlobPathIfNecessary(...)
                       	at org.apache.spark.sql.DataFrameReader.load(DataFrameReader.scala:309)
2026-05-13 09:17:04 ERROR [revenue_reporting.build_dashboards_tbl] Task failed on attempt 3 (exit_code=1)","The upstream source partition for this run date was missing/empty, so the task aborted before processing any records.","org.apache.spark.sql.AnalysisException: Path does not exist: s3://lake/raw/build_dashboards_tbl/dt=...
	at org.apache.spark.sql.execution.datasources.DataSource.checkAndGlobPathIfNecessary(...)
	at org.apache.spark.sql.DataFrameReader.load(DataFrameReader.scala:309)","[""FileNotFoundException"", ""Path does not exist"", ""0 records read from source""]"
user_segmentation,2026-05-14,compute_rfm,2026-05-14 09:54:57,2026-05-14 10:04:50,"2026-05-14 09:54:57 INFO  [user_segmentation.compute_rfm] TaskInstance started — attempt 3
2026-05-14 09:54:59 INFO  Acquiring Spark session on job cluster (Photon enabled, DBR 15.4 LTS)
2026-05-14 09:55:02 INFO  Reading inputs from Unity Catalog main.curated.* 
2026-05-14 09:59:53 INFO  Stage 1 running…
2026-05-14 10:04:47 ERROR DataSource: Path does not exist for the current run partition; 0 input files matched.
2026-05-14 10:04:48 ERROR   org.apache.spark.sql.AnalysisException: Path does not exist: s3://lake/raw/compute_rfm/dt=...
                       	at org.apache.spark.sql.execution.datasources.DataSource.checkAndGlobPathIfNecessary(...)
                       	at org.apache.spark.sql.DataFrameReader.load(DataFrameReader.scala:309)
2026-05-14 10:04:50 ERROR [user_segmentation.compute_rfm] Task failed on attempt 3 (exit_code=1)","The upstream source partition for this run date was missing/empty, so the task aborted before processing any records.","org.apache.spark.sql.AnalysisException: Path does not exist: s3://lake/raw/compute_rfm/dt=...
	at org.apache.spark.sql.execution.datasources.DataSource.checkAndGlobPathIfNecessary(...)
	at org.apache.spark.sql.DataFrameReader.load(DataFrameReader.scala:309)","[""FileNotFoundException"", ""Path does not exist"", ""0 records read from source""]"
revenue_reporting,2026-05-15,build_dashboards_tbl,2026-05-15 09:26:57,2026-05-15 09:36:57,"2026-05-15 09:26:57 INFO  [revenue_reporting.build_dashboards_tbl] TaskInstance started — attempt 3
2026-05-15 09:26:59 INFO  Acquiring Spark session on job cluster (Photon enabled, DBR 15.4 LTS)
2026-05-15 09:27:02 INFO  Reading inputs from Unity Catalog main.curated.* 
2026-05-15 09:31:57 INFO  Stage 1 running…
2026-05-15 09:36:54 ERROR DataSource: Path does not exist for the current run partition; 0 input files matched.
2026-05-15 09:36:55 ERROR   org.apache.spark.sql.AnalysisException: Path does not exist: s3://lake/raw/build_dashboards_tbl/dt=...
                       	at org.apache.spark.sql.execution.datasources.DataSource.checkAndGlobPathIfNecessary(...)
                       	at org.apache.spark.sql.DataFrameReader.load(DataFrameReader.scala:309)
2026-05-15 09:36:57 ERROR [revenue_reporting.build_dashboards_tbl] Task failed on attempt 3 (exit_code=1)","The upstream source partition for this run date was missing/empty, so the task aborted before processing any records.","org.apache.spark.sql.AnalysisException: Path does not exist: s3://lake/raw/build_dashboards_tbl/dt=...
	at org.apache.spark.sql.execution.datasources.DataSource.checkAndGlobPathIfNecessary(...)
	at org.apache.spark.sql.DataFrameReader.load(DataFrameReader.scala:309)","[""FileNotFoundException"", ""Path does not exist"", ""0 records read from source""]"
ml_feature_store,2026-05-20,materialize_online,2026-05-20 07:50:15,2026-05-20 08:02:14,"2026-05-20 07:50:15 INFO  [ml_feature_store.materialize_online] TaskInstance started — attempt 4
2026-05-20 07:50:17 INFO  Acquiring Spark session on job cluster (Photon enabled, DBR 15.4 LTS)
2026-05-20 07:50:20 INFO  Reading inputs from Unity Catalog main.curated.* 
2026-05-20 07:56:14 INFO  Stage 1 running…
2026-05-20 08:02:11 ERROR Analyzer: cannot resolve column 'customer_id' — upstream schema changed.
2026-05-20 08:02:12 ERROR   org.apache.spark.sql.AnalysisException: cannot resolve 'customer_id' given input columns: [cust_id, ...]
                       	at org.apache.spark.sql.catalyst.analysis.CheckAnalysis.failAnalysis(...)
                       	at org.apache.spark.sql.Dataset.select(Dataset.scala:1685)
2026-05-20 08:02:14 ERROR [ml_feature_store.materialize_online] Task failed on attempt 4 (exit_code=1)","Incoming schema drifted (a referenced column was renamed/dropped), raising an AnalysisException during the transform step.","org.apache.spark.sql.AnalysisException: cannot resolve 'customer_id' given input columns: [cust_id, ...]
	at org.apache.spark.sql.catalyst.analysis.CheckAnalysis.failAnalysis(...)
	at org.apache.spark.sql.Dataset.select(Dataset.scala:1685)","[""AnalysisException"", ""cannot resolve column"", ""Schema mismatch detected""]"
inventory_sync,2026-05-21,normalize_sku,2026-05-21 03:29:20,2026-05-21 03:33:02,"2026-05-21 03:29:20 INFO  [inventory_sync.normalize_sku] TaskInstance started — attempt 3
2026-05-21 03:29:22 INFO  Acquiring Spark session on job cluster (Photon enabled, DBR 15.4 LTS)
2026-05-21 03:29:25 INFO  Reading inputs from Unity Catalog main.curated.* 
2026-05-21 03:31:11 INFO  Stage 1 running…
2026-05-21 03:32:59 ERROR JDBCRDD: Connection timed out after 30000ms while reading from source DB.
2026-05-21 03:33:00 ERROR   java.sql.SQLTransientConnectionException: HikariPool-1 - Connection is not available, request timed out after 30000ms
                       	at com.zaxxer.hikari.pool.HikariPool.getConnection(HikariPool.java:213)
                       	at org.apache.spark.sql.execution.datasources.jdbc.JDBCRDD.compute(...)
2026-05-21 03:33:02 ERROR [inventory_sync.normalize_sku] Task failed on attempt 3 (exit_code=1)","Connection to the upstream source database timed out after retries, pointing to a network blip or source unavailability rather than a code defect.","java.sql.SQLTransientConnectionException: HikariPool-1 - Connection is not available, request timed out after 30000ms
	at com.zaxxer.hikari.pool.HikariPool.getConnection(HikariPool.java:213)
	at org.apache.spark.sql.execution.datasources.jdbc.JDBCRDD.compute(...)","[""SQLTransientConnectionException"", ""Connection timed out"", ""Read timed out""]"
ml_feature_store,2026-05-21,materialize_online,2026-05-21 07:39:41,2026-05-21 07:48:31,"2026-05-21 07:39:41 INFO  [ml_feature_store.materialize_online] TaskInstance started — attempt 4
2026-05-21 07:39:43 INFO  Acquiring Spark session on job cluster (Photon enabled, DBR 15.4 LTS)
2026-05-21 07:39:46 INFO  Reading inputs from Unity Catalog main.curated.* 
2026-05-21 07:44:06 INFO  Stage 1 running…
2026-05-21 07:48:28 ERROR DataSource: Path does not exist for the current run partition; 0 input files matched.
2026-05-21 07:48:29 ERROR   org.apache.spark.sql.AnalysisException: Path does not exist: s3://lake/raw/materialize_online/dt=...
                       	at org.apache.spark.sql.execution.datasources.DataSource.checkAndGlobPathIfNecessary(...)
                       	at org.apache.spark.sql.DataFrameReader.load(DataFrameReader.scala:309)
2026-05-21 07:48:31 ERROR [ml_feature_store.materialize_online] Task failed on attempt 4 (exit_code=1)","The upstream source partition for this run date was missing/empty, so the task aborted before processing any records.","org.apache.spark.sql.AnalysisException: Path does not exist: s3://lake/raw/materialize_online/dt=...
	at org.apache.spark.sql.execution.datasources.DataSource.checkAndGlobPathIfNecessary(...)
	at org.apache.spark.sql.DataFrameReader.load(DataFrameReader.scala:309)","[""FileNotFoundException"", ""Path does not exist"", ""0 records read from source""]"
ml_feature_store,2026-05-22,validate_features,2026-05-22 07:49:17,2026-05-22 07:59:56,"2026-05-22 07:49:17 INFO  [ml_feature_store.validate_features] TaskInstance started — attempt 4
2026-05-22 07:49:19 INFO  Acquiring Spark session on job cluster (Photon enabled, DBR 15.4 LTS)
2026-05-22 07:49:22 INFO  Reading inputs from Unity Catalog main.curated.* 
2026-05-22 07:54:36 INFO  Stage 1 running…
2026-05-22 07:59:53 ERROR ShuffleBlockFetcherIterator: Failed to fetch shuffle block from a lost executor.
2026-05-22 07:59:54 ERROR   org.apache.spark.shuffle.FetchFailedException: Failed to connect to executor-7.cluster:35421
                       	at org.apache.spark.storage.ShuffleBlockFetcherIterator.throwFetchFailedException(...)
                       	at org.apache.spark.scheduler.ShuffleMapTask.runTask(ShuffleMapTask.scala:99)
2026-05-22 07:59:56 ERROR [ml_feature_store.validate_features] Task failed on attempt 4 (exit_code=1)",A shuffle fetch failed after an executor/node was lost mid-stage; the stage was retried and ultimately exhausted retries.,"org.apache.spark.shuffle.FetchFailedException: Failed to connect to executor-7.cluster:35421
	at org.apache.spark.storage.ShuffleBlockFetcherIterator.throwFetchFailedException(...)
	at org.apache.spark.scheduler.ShuffleMapTask.runTask(ShuffleMapTask.scala:99)","[""FetchFailedException"", ""Shuffle block fetch failed"", ""Connection reset by peer""]"
marketing_attribution,2026-05-23,attribute_revenue,2026-05-23 05:46:48,2026-05-23 06:05:46,"2026-05-23 05:46:48 INFO  [marketing_attribution.attribute_revenue] TaskInstance started — attempt 3
2026-05-23 05:46:50 INFO  Acquiring Spark session on job cluster (Photon enabled, DBR 15.4 LTS)
2026-05-23 05:46:53 INFO  Reading inputs from Unity Catalog main.curated.* 
2026-05-23 05:56:17 INFO  Stage 1 running…
2026-05-23 06:05:43 ERROR Analyzer: cannot resolve column 'customer_id' — upstream schema changed.
2026-05-23 06:05:44 ERROR   org.apache.spark.sql.AnalysisException: cannot resolve 'customer_id' given input columns: [cust_id, ...]
                       	at org.apache.spark.sql.catalyst.analysis.CheckAnalysis.failAnalysis(...)
                       	at org.apache.spark.sql.Dataset.select(Dataset.scala:1685)
2026-05-23 06:05:46 ERROR [marketing_attribution.attribute_revenue] Task failed on attempt 3 (exit_code=1)","Incoming schema drifted (a referenced column was renamed/dropped), raising an AnalysisException during the transform step.","org.apache.spark.sql.AnalysisException: cannot resolve 'customer_id' given input columns: [cust_id, ...]
	at org.apache.spark.sql.catalyst.analysis.CheckAnalysis.failAnalysis(...)
	at org.apache.spark.sql.Dataset.select(Dataset.scala:1685)","[""AnalysisException"", ""cannot resolve column"", ""Schema mismatch detected""]"
customer_360_pipeline,2026-05-24,build_profiles,2026-05-24 03:15:03,2026-05-24 03:34:10,"2026-05-24 03:15:03 INFO  [customer_360_pipeline.build_profiles] TaskInstance started — attempt 4
2026-05-24 03:15:05 INFO  Acquiring Spark session on job cluster (Photon enabled, DBR 15.4 LTS)
2026-05-24 03:15:08 INFO  Reading inputs from Unity Catalog main.curated.* 
2026-05-24 03:24:36 INFO  Stage 1 running…
2026-05-24 03:34:07 ERROR Sensor: Timed out waiting for upstream partition to arrive.
2026-05-24 03:34:08 ERROR   airflow.exceptions.AirflowSensorTimeout: Sensor timed out waiting for partition dt=... on upstream dataset
                       	at airflow.sensors.base.BaseSensorOperator.execute(...)
2026-05-24 03:34:10 ERROR [customer_360_pipeline.build_profiles] Task failed on attempt 4 (exit_code=1)","A sensor timed out waiting for an upstream dataset partition that never landed, blocking all downstream work.","airflow.exceptions.AirflowSensorTimeout: Sensor timed out waiting for partition dt=... on upstream dataset
	at airflow.sensors.base.BaseSensorOperator.execute(...)","[""UpstreamFailedException"", ""Sensor timeout"", ""Dependency partition not found""]"
inventory_sync,2026-05-24,pull_warehouse_api,2026-05-24 03:27:32,2026-05-24 03:37:58,"2026-05-24 03:27:32 INFO  [inventory_sync.pull_warehouse_api] TaskInstance started — attempt 3
2026-05-24 03:27:34 INFO  Acquiring Spark session on job cluster (Photon enabled, DBR 15.4 LTS)
2026-05-24 03:27:37 INFO  Reading inputs from Unity Catalog main.curated.* 
2026-05-24 03:32:45 INFO  Stage 1 running…
2026-05-24 03:37:55 ERROR DataSource: Path does not exist for the current run partition; 0 input files matched.
2026-05-24 03:37:56 ERROR   org.apache.spark.sql.AnalysisException: Path does not exist: s3://lake/raw/pull_warehouse_api/dt=...
                       	at org.apache.spark.sql.execution.datasources.DataSource.checkAndGlobPathIfNecessary(...)
                       	at org.apache.spark.sql.DataFrameReader.load(DataFrameReader.scala:309)
2026-05-24 03:37:58 ERROR [inventory_sync.pull_warehouse_api] Task failed on attempt 3 (exit_code=1)","The upstream source partition for this run date was missing/empty, so the task aborted before processing any records.","org.apache.spark.sql.AnalysisException: Path does not exist: s3://lake/raw/pull_warehouse_api/dt=...
	at org.apache.spark.sql.execution.datasources.DataSource.checkAndGlobPathIfNecessary(...)
	at org.apache.spark.sql.DataFrameReader.load(DataFrameReader.scala:309)","[""FileNotFoundException"", ""Path does not exist"", ""0 records read from source""]"
user_segmentation,2026-05-24,push_to_crm,2026-05-24 10:21:13,2026-05-24 10:32:54,"2026-05-24 10:21:13 INFO  [user_segmentation.push_to_crm] TaskInstance started — attempt 3
2026-05-24 10:21:15 INFO  Acquiring Spark session on job cluster (Photon enabled, DBR 15.4 LTS)
2026-05-24 10:21:18 INFO  Reading inputs from Unity Catalog main.curated.* 
2026-05-24 10:27:03 INFO  Stage 1 running…
2026-05-24 10:32:51 ERROR ShuffleBlockFetcherIterator: Failed to fetch shuffle block from a lost executor.
2026-05-24 10:32:52 ERROR   org.apache.spark.shuffle.FetchFailedException: Failed to connect to executor-7.cluster:35421
                       	at org.apache.spark.storage.ShuffleBlockFetcherIterator.throwFetchFailedException(...)
                       	at org.apache.spark.scheduler.ShuffleMapTask.runTask(ShuffleMapTask.scala:99)
2026-05-24 10:32:54 ERROR [user_segmentation.push_to_crm] Task failed on attempt 3 (exit_code=1)",A shuffle fetch failed after an executor/node was lost mid-stage; the stage was retried and ultimately exhausted retries.,"org.apache.spark.shuffle.FetchFailedException: Failed to connect to executor-7.cluster:35421
	at org.apache.spark.storage.ShuffleBlockFetcherIterator.throwFetchFailedException(...)
	at org.apache.spark.scheduler.ShuffleMapTask.runTask(ShuffleMapTask.scala:99)","[""FetchFailedException"", ""Shuffle block fetch failed"", ""Connection reset by peer""]"
marketing_attribution,2026-05-25,attribute_revenue,2026-05-25 05:07:27,2026-05-25 05:11:38,"2026-05-25 05:07:27 INFO  [marketing_attribution.attribute_revenue] TaskInstance started — attempt 3
2026-05-25 05:07:29 INFO  Acquiring Spark session on job cluster (Photon enabled, DBR 15.4 LTS)
2026-05-25 05:07:32 INFO  Reading inputs from Unity Catalog main.curated.* 
2026-05-25 05:09:32 INFO  Stage 1 running…
2026-05-25 05:11:35 ERROR Sensor: Timed out waiting for upstream partition to arrive.
2026-05-25 05:11:36 ERROR   airflow.exceptions.AirflowSensorTimeout: Sensor timed out waiting for partition dt=... on upstream dataset
                       	at airflow.sensors.base.BaseSensorOperator.execute(...)
2026-05-25 05:11:38 ERROR [marketing_attribution.attribute_revenue] Task failed on attempt 3 (exit_code=1)","A sensor timed out waiting for an upstream dataset partition that never landed, blocking all downstream work.","airflow.exceptions.AirflowSensorTimeout: Sensor timed out waiting for partition dt=... on upstream dataset
	at airflow.sensors.base.BaseSensorOperator.execute(...)","[""UpstreamFailedException"", ""Sensor timeout"", ""Dependency partition not found""]"
ml_feature_store,2026-05-25,validate_features,2026-05-25 07:41:13,2026-05-25 07:52:21,"2026-05-25 07:41:13 INFO  [ml_feature_store.validate_features] TaskInstance started — attempt 4
2026-05-25 07:41:15 INFO  Acquiring Spark session on job cluster (Photon enabled, DBR 15.4 LTS)
2026-05-25 07:41:18 INFO  Reading inputs from Unity Catalog main.curated.* 
2026-05-25 07:46:47 INFO  Stage 1 running…
2026-05-25 07:52:18 ERROR Expectations: not_null(order_id) failed with 4123 violating rows.
2026-05-25 07:52:19 ERROR   com.databricks.sql.expectations.ExpectationFailedException: Expectation 'not_null(order_id)' failed: 4123 violating rows
                       	at com.databricks.pipelines.execution.core.ExpectationEvaluator.evaluate(...)
2026-05-25 07:52:21 ERROR [ml_feature_store.validate_features] Task failed on attempt 4 (exit_code=1)","A data-quality expectation failed because a non-nullable key column contained nulls in the latest batch, halting the pipeline by design.","com.databricks.sql.expectations.ExpectationFailedException: Expectation 'not_null(order_id)' failed: 4123 violating rows
	at com.databricks.pipelines.execution.core.ExpectationEvaluator.evaluate(...)","[""ConstraintViolation"", ""Null values in non-nullable column"", ""Expectation failed: not_null""]"
clickstream_ingest,2026-05-26,write_bronze,2026-05-26 01:59:10,2026-05-26 02:19:46,"2026-05-26 01:59:10 INFO  [clickstream_ingest.write_bronze] TaskInstance started — attempt 3
2026-05-26 01:59:12 INFO  Acquiring Spark session on job cluster (Photon enabled, DBR 15.4 LTS)
2026-05-26 01:59:15 INFO  Reading inputs from Unity Catalog main.curated.* 
2026-05-26 02:09:28 INFO  Stage 1 running…
2026-05-26 02:19:43 ERROR TaskRunner: Task exceeded execution_timeout (3600s) and was terminated.
2026-05-26 02:19:44 ERROR   java.util.concurrent.TimeoutException: Task exceeded the configured execution_timeout of 3600s
                       	at org.apache.airflow.executors.TaskRunner.enforceTimeout(...)
2026-05-26 02:19:46 ERROR [clickstream_ingest.write_bronze] Task failed on attempt 3 (exit_code=1)","The task exceeded its execution timeout, consistent with growing data volume or cluster resource contention during the run window.","java.util.concurrent.TimeoutException: Task exceeded the configured execution_timeout of 3600s
	at org.apache.airflow.executors.TaskRunner.enforceTimeout(...)","[""TimeoutException"", ""SLA missed"", ""Task exceeded execution timeout""]"
revenue_reporting,2026-05-26,build_dashboards_tbl,2026-05-26 09:26:19,2026-05-26 09:35:25,"2026-05-26 09:26:19 INFO  [revenue_reporting.build_dashboards_tbl] TaskInstance started — attempt 3
2026-05-26 09:26:21 INFO  Acquiring Spark session on job cluster (Photon enabled, DBR 15.4 LTS)
2026-05-26 09:26:24 INFO  Reading inputs from Unity Catalog main.curated.* 
2026-05-26 09:30:52 INFO  Stage 1 running…
2026-05-26 09:35:22 ERROR UnityCatalog: PERMISSION_DENIED for service principal on a referenced table.
2026-05-26 09:35:23 ERROR   com.databricks.sql.managedcatalog.PermissionDeniedException: PERMISSION_DENIED: User 'sp-dataops-prod' does not have SELECT on Table 'main.curated.build_dashboards_tbl'
                       	at com.databricks.sql.managedcatalog.ManagedCatalogClientImpl.checkPrivilege(...)
2026-05-26 09:35:25 ERROR [revenue_reporting.build_dashboards_tbl] Task failed on attempt 3 (exit_code=1)",The service principal was missing a Unity Catalog grant (SELECT/MODIFY) on a required table; likely a grant regression after a catalog change.,"com.databricks.sql.managedcatalog.PermissionDeniedException: PERMISSION_DENIED: User 'sp-dataops-prod' does not have SELECT on Table 'main.curated.build_dashboards_tbl'
	at com.databricks.sql.managedcatalog.ManagedCatalogClientImpl.checkPrivilege(...)","[""PERMISSION_DENIED"", ""User does not have SELECT on table"", ""Unauthorized""]"
inventory_sync,2026-05-29,reconcile_stock,2026-05-29 04:34:58,2026-05-29 04:51:43,"2026-05-29 04:34:58 INFO  [inventory_sync.reconcile_stock] TaskInstance started — attempt 3
2026-05-29 04:35:00 INFO  Acquiring Spark session on job cluster (Photon enabled, DBR 15.4 LTS)
2026-05-29 04:35:03 INFO  Reading inputs from Unity Catalog main.curated.* 
2026-05-29 04:43:20 INFO  Stage 1 running…
2026-05-29 04:51:40 ERROR ShuffleBlockFetcherIterator: Failed to fetch shuffle block from a lost executor.
2026-05-29 04:51:41 ERROR   org.apache.spark.shuffle.FetchFailedException: Failed to connect to executor-7.cluster:35421
                       	at org.apache.spark.storage.ShuffleBlockFetcherIterator.throwFetchFailedException(...)
                       	at org.apache.spark.scheduler.ShuffleMapTask.runTask(ShuffleMapTask.scala:99)
2026-05-29 04:51:43 ERROR [inventory_sync.reconcile_stock] Task failed on attempt 3 (exit_code=1)",A shuffle fetch failed after an executor/node was lost mid-stage; the stage was retried and ultimately exhausted retries.,"org.apache.spark.shuffle.FetchFailedException: Failed to connect to executor-7.cluster:35421
	at org.apache.spark.storage.ShuffleBlockFetcherIterator.throwFetchFailedException(...)
	at org.apache.spark.scheduler.ShuffleMapTask.runTask(ShuffleMapTask.scala:99)","[""FetchFailedException"", ""Shuffle block fetch failed"", ""Connection reset by peer""]"
clickstream_ingest,2026-05-30,write_bronze,2026-05-30 02:13:43,2026-05-30 02:38:12,"2026-05-30 02:13:43 INFO  [clickstream_ingest.write_bronze] TaskInstance started — attempt 3
2026-05-30 02:13:45 INFO  Acquiring Spark session on job cluster (Photon enabled, DBR 15.4 LTS)
2026-05-30 02:13:48 INFO  Reading inputs from Unity Catalog main.curated.* 
2026-05-30 02:25:57 INFO  Stage 1 running…
2026-05-30 02:38:09 ERROR Analyzer: cannot resolve column 'customer_id' — upstream schema changed.
2026-05-30 02:38:10 ERROR   org.apache.spark.sql.AnalysisException: cannot resolve 'customer_id' given input columns: [cust_id, ...]
                       	at org.apache.spark.sql.catalyst.analysis.CheckAnalysis.failAnalysis(...)
                       	at org.apache.spark.sql.Dataset.select(Dataset.scala:1685)
2026-05-30 02:38:12 ERROR [clickstream_ingest.write_bronze] Task failed on attempt 3 (exit_code=1)","Incoming schema drifted (a referenced column was renamed/dropped), raising an AnalysisException during the transform step.","org.apache.spark.sql.AnalysisException: cannot resolve 'customer_id' given input columns: [cust_id, ...]
	at org.apache.spark.sql.catalyst.analysis.CheckAnalysis.failAnalysis(...)
	at org.apache.spark.sql.Dataset.select(Dataset.scala:1685)","[""AnalysisException"", ""cannot resolve column"", ""Schema mismatch detected""]"
user_segmentation,2026-05-30,load_activity,2026-05-30 10:14:46,2026-05-30 10:39:11,"2026-05-30 10:14:46 INFO  [user_segmentation.load_activity] TaskInstance started — attempt 3
2026-05-30 10:14:48 INFO  Acquiring Spark session on job cluster (Photon enabled, DBR 15.4 LTS)
2026-05-30 10:14:51 INFO  Reading inputs from Unity Catalog main.curated.* 
2026-05-30 10:26:58 INFO  Stage 1 running…
2026-05-30 10:39:08 ERROR JDBCRDD: Connection timed out after 30000ms while reading from source DB.
2026-05-30 10:39:09 ERROR   java.sql.SQLTransientConnectionException: HikariPool-1 - Connection is not available, request timed out after 30000ms
                       	at com.zaxxer.hikari.pool.HikariPool.getConnection(HikariPool.java:213)
                       	at org.apache.spark.sql.execution.datasources.jdbc.JDBCRDD.compute(...)
2026-05-30 10:39:11 ERROR [user_segmentation.load_activity] Task failed on attempt 3 (exit_code=1)","Connection to the upstream source database timed out after retries, pointing to a network blip or source unavailability rather than a code defect.","java.sql.SQLTransientConnectionException: HikariPool-1 - Connection is not available, request timed out after 30000ms
	at com.zaxxer.hikari.pool.HikariPool.getConnection(HikariPool.java:213)
	at org.apache.spark.sql.execution.datasources.jdbc.JDBCRDD.compute(...)","[""SQLTransientConnectionException"", ""Connection timed out"", ""Read timed out""]"
ml_feature_store,2026-05-31,compute_features,2026-05-31 08:04:50,2026-05-31 08:27:35,"2026-05-31 08:04:50 INFO  [ml_feature_store.compute_features] TaskInstance started — attempt 4
2026-05-31 08:04:52 INFO  Acquiring Spark session on job cluster (Photon enabled, DBR 15.4 LTS)
2026-05-31 08:04:55 INFO  Reading inputs from Unity Catalog main.curated.* 
2026-05-31 08:16:12 INFO  Stage 1 running…
2026-05-31 08:27:32 ERROR UnityCatalog: PERMISSION_DENIED for service principal on a referenced table.
2026-05-31 08:27:33 ERROR   com.databricks.sql.managedcatalog.PermissionDeniedException: PERMISSION_DENIED: User 'sp-dataops-prod' does not have SELECT on Table 'main.curated.compute_features'
                       	at com.databricks.sql.managedcatalog.ManagedCatalogClientImpl.checkPrivilege(...)
2026-05-31 08:27:35 ERROR [ml_feature_store.compute_features] Task failed on attempt 4 (exit_code=1)",The service principal was missing a Unity Catalog grant (SELECT/MODIFY) on a required table; likely a grant regression after a catalog change.,"com.databricks.sql.managedcatalog.PermissionDeniedException: PERMISSION_DENIED: User 'sp-dataops-prod' does not have SELECT on Table 'main.curated.compute_features'
	at com.databricks.sql.managedcatalog.ManagedCatalogClientImpl.checkPrivilege(...)","[""PERMISSION_DENIED"", ""User does not have SELECT on table"", ""Unauthorized""]"
user_segmentation,2026-05-31,load_activity,2026-05-31 09:37:00,2026-05-31 09:42:30,"2026-05-31 09:37:00 INFO  [user_segmentation.load_activity] TaskInstance started — attempt 3
2026-05-31 09:37:02 INFO  Acquiring Spark session on job cluster (Photon enabled, DBR 15.4 LTS)
2026-05-31 09:37:05 INFO  Reading inputs from Unity Catalog main.curated.* 
2026-05-31 09:39:45 INFO  Stage 1 running…
2026-05-31 09:42:27 ERROR ShuffleBlockFetcherIterator: Failed to fetch shuffle block from a lost executor.
2026-05-31 09:42:28 ERROR   org.apache.spark.shuffle.FetchFailedException: Failed to connect to executor-7.cluster:35421
                       	at org.apache.spark.storage.ShuffleBlockFetcherIterator.throwFetchFailedException(...)
                       	at org.apache.spark.scheduler.ShuffleMapTask.runTask(ShuffleMapTask.scala:99)
2026-05-31 09:42:30 ERROR [user_segmentation.load_activity] Task failed on attempt 3 (exit_code=1)",A shuffle fetch failed after an executor/node was lost mid-stage; the stage was retried and ultimately exhausted retries.,"org.apache.spark.shuffle.FetchFailedException: Failed to connect to executor-7.cluster:35421
	at org.apache.spark.storage.ShuffleBlockFetcherIterator.throwFetchFailedException(...)
	at org.apache.spark.scheduler.ShuffleMapTask.runTask(ShuffleMapTask.scala:99)","[""FetchFailedException"", ""Shuffle block fetch failed"", ""Connection reset by peer""]"
customer_360_pipeline,2026-06-02,build_profiles,2026-06-02 02:33:35,2026-06-02 02:47:06,"2026-06-02 02:33:35 INFO  [customer_360_pipeline.build_profiles] TaskInstance started — attempt 4
2026-06-02 02:33:37 INFO  Acquiring Spark session on job cluster (Photon enabled, DBR 15.4 LTS)
2026-06-02 02:33:40 INFO  Reading inputs from Unity Catalog main.curated.* 
2026-06-02 02:40:20 INFO  Stage 1 running…
2026-06-02 02:47:03 ERROR ShuffleBlockFetcherIterator: Failed to fetch shuffle block from a lost executor.
2026-06-02 02:47:04 ERROR   org.apache.spark.shuffle.FetchFailedException: Failed to connect to executor-7.cluster:35421
                       	at org.apache.spark.storage.ShuffleBlockFetcherIterator.throwFetchFailedException(...)
                       	at org.apache.spark.scheduler.ShuffleMapTask.runTask(ShuffleMapTask.scala:99)
2026-06-02 02:47:06 ERROR [customer_360_pipeline.build_profiles] Task failed on attempt 4 (exit_code=1)",A shuffle fetch failed after an executor/node was lost mid-stage; the stage was retried and ultimately exhausted retries.,"org.apache.spark.shuffle.FetchFailedException: Failed to connect to executor-7.cluster:35421
	at org.apache.spark.storage.ShuffleBlockFetcherIterator.throwFetchFailedException(...)
	at org.apache.spark.scheduler.ShuffleMapTask.runTask(ShuffleMapTask.scala:99)","[""FetchFailedException"", ""Shuffle block fetch failed"", ""Connection reset by peer""]"
clickstream_ingest,2026-06-02,sessionize,2026-06-02 01:32:28,2026-06-02 01:56:16,"2026-06-02 01:32:28 INFO  [clickstream_ingest.sessionize] TaskInstance started — attempt 3
2026-06-02 01:32:30 INFO  Acquiring Spark session on job cluster (Photon enabled, DBR 15.4 LTS)
2026-06-02 01:32:33 INFO  Reading inputs from Unity Catalog main.curated.* 
2026-06-02 01:44:22 INFO  Stage 1 running…
2026-06-02 01:56:13 ERROR Executor: Exception in task 47.0 in stage 12.0 (TID 1893) java.lang.OutOfMemoryError: Java heap space
2026-06-02 01:56:14 ERROR   java.lang.OutOfMemoryError: Java heap space
                       	at org.apache.spark.sql.execution.aggregate.HashAggregateExec.doExecute(HashAggregateExec.scala:101)
                       	at org.apache.spark.sql.execution.exchange.ShuffleExchangeExec.prepareShuffleDependency(...)
                       	at org.apache.spark.scheduler.Task.run(Task.scala:139)
2026-06-02 01:56:16 ERROR [clickstream_ingest.sessionize] Task failed on attempt 3 (exit_code=1)",Executor lost after exceeding container memory limits during a wide shuffle/aggregation; consistent with data skew or under-provisioned executor memory.,"java.lang.OutOfMemoryError: Java heap space
	at org.apache.spark.sql.execution.aggregate.HashAggregateExec.doExecute(HashAggregateExec.scala:101)
	at org.apache.spark.sql.execution.exchange.ShuffleExchangeExec.prepareShuffleDependency(...)
	at org.apache.spark.scheduler.Task.run(Task.scala:139)","[""OutOfMemoryError"", ""ExecutorLostFailure"", ""Container killed by YARN exceeding memory limits""]"
data_quality_checks,2026-06-03,load_snapshots,2026-06-03 07:46:01,2026-06-03 08:09:19,"2026-06-03 07:46:01 INFO  [data_quality_checks.load_snapshots] TaskInstance started — attempt 2
2026-06-03 07:46:03 INFO  Acquiring Spark session on job cluster (Photon enabled, DBR 15.4 LTS)
2026-06-03 07:46:06 INFO  Reading inputs from Unity Catalog main.curated.* 
2026-06-03 07:57:40 INFO  Stage 1 running…
2026-06-03 08:09:16 ERROR DiskBlockObjectWriter: No space left on device while spilling shuffle data.
2026-06-03 08:09:17 ERROR   java.io.IOException: No space left on device
                       	at java.base/sun.nio.ch.FileDispatcherImpl.write0(Native Method)
                       	at org.apache.spark.storage.DiskBlockObjectWriter.write(...)
2026-06-03 08:09:19 ERROR [data_quality_checks.load_snapshots] Task failed on attempt 2 (exit_code=1)","The job ran out of local disk while spilling during a heavy shuffle/sort, exhausting node storage.","java.io.IOException: No space left on device
	at java.base/sun.nio.ch.FileDispatcherImpl.write0(Native Method)
	at org.apache.spark.storage.DiskBlockObjectWriter.write(...)","[""No space left on device"", ""DiskQuotaExceeded"", ""IOException during spill""]"
inventory_sync,2026-06-04,pull_warehouse_api,2026-06-04 03:47:43,2026-06-04 04:04:34,"2026-06-04 03:47:43 INFO  [inventory_sync.pull_warehouse_api] TaskInstance started — attempt 3
2026-06-04 03:47:45 INFO  Acquiring Spark session on job cluster (Photon enabled, DBR 15.4 LTS)
2026-06-04 03:47:48 INFO  Reading inputs from Unity Catalog main.curated.* 
2026-06-04 03:56:08 INFO  Stage 1 running…
2026-06-04 04:04:31 ERROR Executor: Exception in task 47.0 in stage 12.0 (TID 1893) java.lang.OutOfMemoryError: Java heap space
2026-06-04 04:04:32 ERROR   java.lang.OutOfMemoryError: Java heap space
                       	at org.apache.spark.sql.execution.aggregate.HashAggregateExec.doExecute(HashAggregateExec.scala:101)
                       	at org.apache.spark.sql.execution.exchange.ShuffleExchangeExec.prepareShuffleDependency(...)
                       	at org.apache.spark.scheduler.Task.run(Task.scala:139)
2026-06-04 04:04:34 ERROR [inventory_sync.pull_warehouse_api] Task failed on attempt 3 (exit_code=1)",Executor lost after exceeding container memory limits during a wide shuffle/aggregation; consistent with data skew or under-provisioned executor memory.,"java.lang.OutOfMemoryError: Java heap space
	at org.apache.spark.sql.execution.aggregate.HashAggregateExec.doExecute(HashAggregateExec.scala:101)
	at org.apache.spark.sql.execution.exchange.ShuffleExchangeExec.prepareShuffleDependency(...)
	at org.apache.spark.scheduler.Task.run(Task.scala:139)","[""OutOfMemoryError"", ""ExecutorLostFailure"", ""Container killed by YARN exceeding memory limits""]"
ml_feature_store,2026-06-04,materialize_online,2026-06-04 07:37:39,2026-06-04 07:49:14,"2026-06-04 07:37:39 INFO  [ml_feature_store.materialize_online] TaskInstance started — attempt 4
2026-06-04 07:37:41 INFO  Acquiring Spark session on job cluster (Photon enabled, DBR 15.4 LTS)
2026-06-04 07:37:44 INFO  Reading inputs from Unity Catalog main.curated.* 
2026-06-04 07:43:26 INFO  Stage 1 running…
2026-06-04 07:49:11 ERROR Analyzer: cannot resolve column 'customer_id' — upstream schema changed.
2026-06-04 07:49:12 ERROR   org.apache.spark.sql.AnalysisException: cannot resolve 'customer_id' given input columns: [cust_id, ...]
                       	at org.apache.spark.sql.catalyst.analysis.CheckAnalysis.failAnalysis(...)
                       	at org.apache.spark.sql.Dataset.select(Dataset.scala:1685)
2026-06-04 07:49:14 ERROR [ml_feature_store.materialize_online] Task failed on attempt 4 (exit_code=1)","Incoming schema drifted (a referenced column was renamed/dropped), raising an AnalysisException during the transform step.","org.apache.spark.sql.AnalysisException: cannot resolve 'customer_id' given input columns: [cust_id, ...]
	at org.apache.spark.sql.catalyst.analysis.CheckAnalysis.failAnalysis(...)
	at org.apache.spark.sql.Dataset.select(Dataset.scala:1685)","[""AnalysisException"", ""cannot resolve column"", ""Schema mismatch detected""]"
marketing_attribution,2026-06-05,load_ad_spend,2026-06-05 04:38:11,2026-06-05 04:48:01,"2026-06-05 04:38:11 INFO  [marketing_attribution.load_ad_spend] TaskInstance started — attempt 3
2026-06-05 04:38:13 INFO  Acquiring Spark session on job cluster (Photon enabled, DBR 15.4 LTS)
2026-06-05 04:38:16 INFO  Reading inputs from Unity Catalog main.curated.* 
2026-06-05 04:43:06 INFO  Stage 1 running…
2026-06-05 04:47:58 ERROR UnityCatalog: PERMISSION_DENIED for service principal on a referenced table.
2026-06-05 04:47:59 ERROR   com.databricks.sql.managedcatalog.PermissionDeniedException: PERMISSION_DENIED: User 'sp-dataops-prod' does not have SELECT on Table 'main.curated.load_ad_spend'
                       	at com.databricks.sql.managedcatalog.ManagedCatalogClientImpl.checkPrivilege(...)
2026-06-05 04:48:01 ERROR [marketing_attribution.load_ad_spend] Task failed on attempt 3 (exit_code=1)",The service principal was missing a Unity Catalog grant (SELECT/MODIFY) on a required table; likely a grant regression after a catalog change.,"com.databricks.sql.managedcatalog.PermissionDeniedException: PERMISSION_DENIED: User 'sp-dataops-prod' does not have SELECT on Table 'main.curated.load_ad_spend'
	at com.databricks.sql.managedcatalog.ManagedCatalogClientImpl.checkPrivilege(...)","[""PERMISSION_DENIED"", ""User does not have SELECT on table"", ""Unauthorized""]"
customer_360_pipeline,2026-06-06,ingest_crm,2026-06-06 01:30:49,2026-06-06 01:36:56,"2026-06-06 01:30:49 INFO  [customer_360_pipeline.ingest_crm] TaskInstance started — attempt 4
2026-06-06 01:30:51 INFO  Acquiring Spark session on job cluster (Photon enabled, DBR 15.4 LTS)
2026-06-06 01:30:54 INFO  Reading inputs from Unity Catalog main.curated.* 
2026-06-06 01:33:52 INFO  Stage 1 running…
2026-06-06 01:36:53 ERROR UnityCatalog: PERMISSION_DENIED for service principal on a referenced table.
2026-06-06 01:36:54 ERROR   com.databricks.sql.managedcatalog.PermissionDeniedException: PERMISSION_DENIED: User 'sp-dataops-prod' does not have SELECT on Table 'main.curated.ingest_crm'
                       	at com.databricks.sql.managedcatalog.ManagedCatalogClientImpl.checkPrivilege(...)
2026-06-06 01:36:56 ERROR [customer_360_pipeline.ingest_crm] Task failed on attempt 4 (exit_code=1)",The service principal was missing a Unity Catalog grant (SELECT/MODIFY) on a required table; likely a grant regression after a catalog change.,"com.databricks.sql.managedcatalog.PermissionDeniedException: PERMISSION_DENIED: User 'sp-dataops-prod' does not have SELECT on Table 'main.curated.ingest_crm'
	at com.databricks.sql.managedcatalog.ManagedCatalogClientImpl.checkPrivilege(...)","[""PERMISSION_DENIED"", ""User does not have SELECT on table"", ""Unauthorized""]"
finance_reconciliation,2026-06-07,extract_payments,2026-06-07 06:38:06,2026-06-07 06:52:51,"2026-06-07 06:38:06 INFO  [finance_reconciliation.extract_payments] TaskInstance started — attempt 4
2026-06-07 06:38:08 INFO  Acquiring Spark session on job cluster (Photon enabled, DBR 15.4 LTS)
2026-06-07 06:38:11 INFO  Reading inputs from Unity Catalog main.curated.* 
2026-06-07 06:45:28 INFO  Stage 1 running…
2026-06-07 06:52:48 ERROR Analyzer: cannot resolve column 'customer_id' — upstream schema changed.
2026-06-07 06:52:49 ERROR   org.apache.spark.sql.AnalysisException: cannot resolve 'customer_id' given input columns: [cust_id, ...]
                       	at org.apache.spark.sql.catalyst.analysis.CheckAnalysis.failAnalysis(...)
                       	at org.apache.spark.sql.Dataset.select(Dataset.scala:1685)
2026-06-07 06:52:51 ERROR [finance_reconciliation.extract_payments] Task failed on attempt 4 (exit_code=1)","Incoming schema drifted (a referenced column was renamed/dropped), raising an AnalysisException during the transform step.","org.apache.spark.sql.AnalysisException: cannot resolve 'customer_id' given input columns: [cust_id, ...]
	at org.apache.spark.sql.catalyst.analysis.CheckAnalysis.failAnalysis(...)
	at org.apache.spark.sql.Dataset.select(Dataset.scala:1685)","[""AnalysisException"", ""cannot resolve column"", ""Schema mismatch detected""]"
customer_360_pipeline,2026-06-08,resolve_identity,2026-06-08 02:26:21,2026-06-08 02:37:36,"2026-06-08 02:26:21 INFO  [customer_360_pipeline.resolve_identity] TaskInstance started — attempt 4
2026-06-08 02:26:23 INFO  Acquiring Spark session on job cluster (Photon enabled, DBR 15.4 LTS)
2026-06-08 02:26:26 INFO  Reading inputs from Unity Catalog main.curated.* 
2026-06-08 02:31:58 INFO  Stage 1 running…
2026-06-08 02:37:33 ERROR DataSource: Path does not exist for the current run partition; 0 input files matched.
2026-06-08 02:37:34 ERROR   org.apache.spark.sql.AnalysisException: Path does not exist: s3://lake/raw/resolve_identity/dt=...
                       	at org.apache.spark.sql.execution.datasources.DataSource.checkAndGlobPathIfNecessary(...)
                       	at org.apache.spark.sql.DataFrameReader.load(DataFrameReader.scala:309)
2026-06-08 02:37:36 ERROR [customer_360_pipeline.resolve_identity] Task failed on attempt 4 (exit_code=1)","The upstream source partition for this run date was missing/empty, so the task aborted before processing any records.","org.apache.spark.sql.AnalysisException: Path does not exist: s3://lake/raw/resolve_identity/dt=...
	at org.apache.spark.sql.execution.datasources.DataSource.checkAndGlobPathIfNecessary(...)
	at org.apache.spark.sql.DataFrameReader.load(DataFrameReader.scala:309)","[""FileNotFoundException"", ""Path does not exist"", ""0 records read from source""]"
data_quality_checks,2026-06-10,load_snapshots,2026-06-10 07:23:44,2026-06-10 07:28:12,"2026-06-10 07:23:44 INFO  [data_quality_checks.load_snapshots] TaskInstance started — attempt 2
2026-06-10 07:23:46 INFO  Acquiring Spark session on job cluster (Photon enabled, DBR 15.4 LTS)
2026-06-10 07:23:49 INFO  Reading inputs from Unity Catalog main.curated.* 
2026-06-10 07:25:58 INFO  Stage 1 running…
2026-06-10 07:28:09 ERROR TaskRunner: Task exceeded execution_timeout (3600s) and was terminated.
2026-06-10 07:28:10 ERROR   java.util.concurrent.TimeoutException: Task exceeded the configured execution_timeout of 3600s
                       	at org.apache.airflow.executors.TaskRunner.enforceTimeout(...)
2026-06-10 07:28:12 ERROR [data_quality_checks.load_snapshots] Task failed on attempt 2 (exit_code=1)","The task exceeded its execution timeout, consistent with growing data volume or cluster resource contention during the run window.","java.util.concurrent.TimeoutException: Task exceeded the configured execution_timeout of 3600s
	at org.apache.airflow.executors.TaskRunner.enforceTimeout(...)","[""TimeoutException"", ""SLA missed"", ""Task exceeded execution timeout""]"
